{
  "herb_baseline": {
    "nodes": 19,
    "edges": 77,
    "density": 0.4502923976608187,
    "average_clustering": 0.009711786133900575,
    "transitivity": 0.5092936802973977,
    "num_components": 1,
    "component_sizes": [
      19
    ],
    "largest_component_nodes": 19,
    "avg_shortest_path_length_LCC": 1514619883041.107,
    "weighted_diameter_LCC": 2000000000000.0,
    "degree_assortativity_weighted": 0.31500783428073975,
    "modularity_greedy_weighted": 2.220446049250313e-16,
    "communities_labels": [
      [
        "HERB000189",
        "HERB000523",
        "HERB001023",
        "HERB001104",
        "HERB001210",
        "HERB001211",
        "HERB001333",
        "HERB001382",
        "HERB001616",
        "HERB003106",
        "HERB003361",
        "HERB003444",
        "HERB003617",
        "HERB003790",
        "HERB005109",
        "HERB006326",
        "HERB006666",
        "HERB006700",
        "HERB006931"
      ]
    ],
    "avg_degree": 8.105263157894736,
    "std_degree": 5.230424525812566,
    "avg_weighted_degree": 0.06362873684210525,
    "std_weighted_degree": 0.15000784702346392
  },
  "herb_climate": {
    "nodes": 19,
    "edges": 67,
    "density": 0.391812865497076,
    "average_clustering": 0.42194028039040665,
    "transitivity": 0.5620767494356659,
    "num_components": 1,
    "component_sizes": [
      19
    ],
    "largest_component_nodes": 19,
    "avg_shortest_path_length_LCC": 2.981602502734903,
    "weighted_diameter_LCC": 6.911861559308775,
    "degree_assortativity_weighted": 0.03783630376998687,
    "modularity_greedy_weighted": 0.317446951095242,
    "communities_labels": [
      [
        "HERB001616",
        "HERB003106",
        "HERB003617",
        "HERB003790",
        "HERB005109",
        "HERB006326",
        "HERB006700",
        "HERB006931"
      ],
      [
        "HERB000189",
        "HERB000523",
        "HERB001023",
        "HERB001210",
        "HERB001211",
        "HERB001333",
        "HERB003361"
      ],
      [
        "HERB001104",
        "HERB001382",
        "HERB003444",
        "HERB006666"
      ]
    ],
    "avg_degree": 7.052631578947368,
    "std_degree": 1.986101290959285,
    "avg_weighted_degree": 4.255211999999999,
    "std_weighted_degree": 1.5757995882928766
  },
  "disease": {
    "nodes": 400,
    "edges": 1967,
    "density": 0.024649122807017546,
    "average_clustering": 0.28673601346944116,
    "transitivity": 0.06779475384699633,
    "num_components": 1,
    "component_sizes": [
      400
    ],
    "largest_component_nodes": 400,
    "avg_shortest_path_length_LCC": 8.24782092071316,
    "weighted_diameter_LCC": 71.26884723844208,
    "degree_assortativity_weighted": -0.33052472283734674,
    "modularity_greedy_weighted": 0.19739994711396225,
    "communities_labels": [
      [
        "HBDIS000051",
        "HBDIS000053",
        "HBDIS000057",
        "HBDIS000204",
        "HBDIS000205",
        "HBDIS000241",
        "HBDIS000245",
        "HBDIS000256",
        "HBDIS000282",
        "HBDIS000308",
        "HBDIS000329",
        "HBDIS000389",
        "HBDIS000409",
        "HBDIS000420",
        "HBDIS000426",
        "HBDIS000441",
        "HBDIS000455",
        "HBDIS000458",
        "HBDIS000460",
        "HBDIS000462",
        "HBDIS000463",
        "HBDIS000495",
        "HBDIS000518",
        "HBDIS000525",
        "HBDIS000538",
        "HBDIS000557",
        "HBDIS000625",
        "HBDIS000653",
        "HBDIS000735",
        "HBDIS000756",
        "HBDIS000853",
        "HBDIS000932",
        "HBDIS000956",
        "HBDIS001105",
        "HBDIS001139",
        "HBDIS001141",
        "HBDIS001188",
        "HBDIS001210",
        "HBDIS001227",
        "HBDIS001303",
        "HBDIS001330",
        "HBDIS001359",
        "HBDIS001418",
        "HBDIS001454",
        "HBDIS001554",
        "HBDIS001787",
        "HBDIS001824",
        "HBDIS001835",
        "HBDIS001837",
        "HBDIS001838",
        "HBDIS001848",
        "HBDIS001861",
        "HBDIS001882",
        "HBDIS001889",
        "HBDIS001901",
        "HBDIS001934",
        "HBDIS001937",
        "HBDIS002001",
        "HBDIS002002",
        "HBDIS002004",
        "HBDIS002054",
        "HBDIS002057",
        "HBDIS002060",
        "HBDIS002069",
        "HBDIS002071",
        "HBDIS002077",
        "HBDIS002089",
        "HBDIS002091",
        "HBDIS002103",
        "HBDIS002109",
        "HBDIS002113",
        "HBDIS002166",
        "HBDIS002230",
        "HBDIS002263",
        "HBDIS002266",
        "HBDIS002483",
        "HBDIS002488",
        "HBDIS002598",
        "HBDIS002612",
        "HBDIS002664",
        "HBDIS002687",
        "HBDIS002712",
        "HBDIS002760",
        "HBDIS002771",
        "HBDIS002826",
        "HBDIS002838",
        "HBDIS002840",
        "HBDIS002939",
        "HBDIS002946",
        "HBDIS003050",
        "HBDIS003073",
        "HBDIS003123",
        "HBDIS003131",
        "HBDIS003142",
        "HBDIS003337",
        "HBDIS003414",
        "HBDIS003468",
        "HBDIS003516",
        "HBDIS003527",
        "HBDIS003558",
        "HBDIS003589",
        "HBDIS003604",
        "HBDIS003649",
        "HBDIS004202",
        "HBDIS004428",
        "HBDIS004431",
        "HBDIS004945",
        "HBDIS005061",
        "HBDIS005400",
        "HBDIS005423",
        "HBDIS005454",
        "HBDIS006371",
        "HBDIS007241",
        "HBDIS008919",
        "HBDIS009571",
        "HBDIS010417",
        "HBDIS010663",
        "HBDIS011400",
        "HBDIS011528",
        "HBDIS012350",
        "HBDIS012386",
        "HBDIS012688",
        "HBDIS012862",
        "HBDIS012906",
        "HBDIS014261",
        "HBDIS020359",
        "HBDIS021628",
        "HBDIS025310",
        "HBDIS025940",
        "HBDIS027752",
        "HBDIS027782"
      ],
      [
        "HBDIS000006",
        "HBDIS000132",
        "HBDIS000140",
        "HBDIS000165",
        "HBDIS000207",
        "HBDIS000209",
        "HBDIS000242",
        "HBDIS000243",
        "HBDIS000248",
        "HBDIS000265",
        "HBDIS000283",
        "HBDIS000310",
        "HBDIS000414",
        "HBDIS000504",
        "HBDIS000520",
        "HBDIS000546",
        "HBDIS000615",
        "HBDIS000686",
        "HBDIS000713",
        "HBDIS000757",
        "HBDIS000789",
        "HBDIS000821",
        "HBDIS000832",
        "HBDIS000907",
        "HBDIS000937",
        "HBDIS000941",
        "HBDIS000944",
        "HBDIS001043",
        "HBDIS001133",
        "HBDIS001176",
        "HBDIS001341",
        "HBDIS001387",
        "HBDIS001391",
        "HBDIS001547",
        "HBDIS001548",
        "HBDIS001561",
        "HBDIS001574",
        "HBDIS001694",
        "HBDIS001721",
        "HBDIS001765",
        "HBDIS001768",
        "HBDIS001769",
        "HBDIS001792",
        "HBDIS001793",
        "HBDIS001810",
        "HBDIS001815",
        "HBDIS001859",
        "HBDIS001990",
        "HBDIS001992",
        "HBDIS002052",
        "HBDIS002278",
        "HBDIS002350",
        "HBDIS002358",
        "HBDIS002365",
        "HBDIS002368",
        "HBDIS002423",
        "HBDIS002443",
        "HBDIS002461",
        "HBDIS002510",
        "HBDIS002519",
        "HBDIS002565",
        "HBDIS002602",
        "HBDIS002684",
        "HBDIS002740",
        "HBDIS002815",
        "HBDIS002864",
        "HBDIS003090",
        "HBDIS003120",
        "HBDIS003217",
        "HBDIS003260",
        "HBDIS003450",
        "HBDIS004047",
        "HBDIS004118",
        "HBDIS004172",
        "HBDIS004337",
        "HBDIS005110",
        "HBDIS005472",
        "HBDIS008893",
        "HBDIS009981",
        "HBDIS009982",
        "HBDIS011533",
        "HBDIS012368",
        "HBDIS012577",
        "HBDIS014451",
        "HBDIS014591",
        "HBDIS020407"
      ],
      [
        "HBDIS000030",
        "HBDIS000111",
        "HBDIS000117",
        "HBDIS000134",
        "HBDIS000169",
        "HBDIS000210",
